<?xml version="1.0" encoding="UTF-8"?>
<!-- ###############################################
This File is auto-generated by the Backup Tool 
you should use the BackupPanel to modify or change this file 
see http://incubator.apache.org/openmeetings/Upgrade.html for Details 
###############################################
 --><root>
   <privatemessagefolders>
      <privatemessagefolder>
         <privateMessageFolderId><![CDATA[1]]></privateMessageFolderId>
         <folderName><![CDATA[фыва]]></folderName>
         <userId><![CDATA[1]]></userId>
      </privatemessagefolder>
   </privatemessagefolders>
</root>