<?xml version="1.0" encoding="UTF-8"?>
<!-- ###############################################
This File is auto-generated by the Backup Tool 
you should use the BackupPanel to modify or change this file 
see http://incubator.apache.org/openmeetings/Upgrade.html for Details 
###############################################
 --><root>
   <room_organisations>
      <room_organisation>
         <rooms_organisation_id><![CDATA[1]]></rooms_organisation_id>
         <rooms_id><![CDATA[8]]></rooms_id>
         <organisation_id><![CDATA[1]]></organisation_id>
         <deleted><![CDATA[false]]></deleted>
      </room_organisation>
   </room_organisations>
</root>