<?xml version="1.0" encoding="UTF-8"?>
<!-- ###############################################
This File is auto-generated by the Backup Tool 
you should use the BackupPanel to modify or change this file 
see http://incubator.apache.org/openmeetings/Upgrade.html for Details 
###############################################
 --><root>
   <usercontacts>
      <usercontact>
         <userContactId><![CDATA[1]]></userContactId>
         <contact><![CDATA[1]]></contact>
         <owner><![CDATA[2]]></owner>
         <pending><![CDATA[false]]></pending>
         <hash><![CDATA[93778cfe71bfe9f4360fb0ce2732cf1f]]></hash>
      </usercontact>
      <usercontact>
         <userContactId><![CDATA[2]]></userContactId>
         <contact><![CDATA[2]]></contact>
         <owner><![CDATA[1]]></owner>
         <pending><![CDATA[false]]></pending>
      </usercontact>
   </usercontacts>
</root>